{
    "test_name": "Test_x_4.489795918367347_Steepness_1.0",
    "x_position": 4.489795918367347,
    "steepness_value": 1.0
}