{
    "test_name": "Test_x_0.9183673469387755_Steepness_9.0",
    "x_position": 0.9183673469387755,
    "steepness_value": 9.0
}