{
    "test_name": "Test_x_3.673469387755102_Steepness_10.0",
    "x_position": 3.673469387755102,
    "steepness_value": 10.0
}