{
    "test_name": "Test_x_1.9387755102040816_Steepness_5.0",
    "x_position": 1.9387755102040816,
    "steepness_value": 5.0
}