{
    "test_name": "Test_x_2.0408163265306123_Steepness_4.0",
    "x_position": 2.0408163265306123,
    "steepness_value": 4.0
}