{
    "test_name": "Test_x_0.7142857142857143_Steepness_4.0",
    "x_position": 0.7142857142857143,
    "steepness_value": 4.0
}