{
    "test_name": "Test_x_0.8163265306122449_Steepness_9.0",
    "x_position": 0.8163265306122449,
    "steepness_value": 9.0
}