{
    "test_name": "Test_x_3.979591836734694_Steepness_4.0",
    "x_position": 3.979591836734694,
    "steepness_value": 4.0
}