{
    "test_name": "Test_x_1.6326530612244898_Steepness_3.0",
    "x_position": 1.6326530612244898,
    "steepness_value": 3.0
}