{
    "test_name": "Test_x_4.183673469387755_Steepness_8.0",
    "x_position": 4.183673469387755,
    "steepness_value": 8.0
}