{
    "test_name": "Test_x_0.40816326530612246_Steepness_1.0",
    "x_position": 0.40816326530612246,
    "steepness_value": 1.0
}