{
    "test_name": "Test_x_0.7142857142857143_Steepness_6.0",
    "x_position": 0.7142857142857143,
    "steepness_value": 6.0
}