{
    "test_name": "Test_x_0.20408163265306123_Steepness_3.0",
    "x_position": 0.20408163265306123,
    "steepness_value": 3.0
}