{
    "test_name": "Test_x_1.6326530612244898_Steepness_2.0",
    "x_position": 1.6326530612244898,
    "steepness_value": 2.0
}