{
    "test_name": "Test_x_1.1224489795918366_Steepness_2.0",
    "x_position": 1.1224489795918366,
    "steepness_value": 2.0
}