{
    "test_name": "Test_x_2.5510204081632653_Steepness_1.0",
    "x_position": 2.5510204081632653,
    "steepness_value": 1.0
}