{
    "test_name": "Test_x_3.061224489795918_Steepness_5.0",
    "x_position": 3.061224489795918,
    "steepness_value": 5.0
}