{
    "test_name": "Test_x_2.857142857142857_Steepness_9.0",
    "x_position": 2.857142857142857,
    "steepness_value": 9.0
}