{
    "test_name": "Test_x_1.4285714285714286_Steepness_9.0",
    "x_position": 1.4285714285714286,
    "steepness_value": 9.0
}