{
    "test_name": "Test_x_2.142857142857143_Steepness_4.0",
    "x_position": 2.142857142857143,
    "steepness_value": 4.0
}