{
    "test_name": "Test_x_2.3469387755102042_Steepness_2.0",
    "x_position": 2.3469387755102042,
    "steepness_value": 2.0
}