{
    "test_name": "Test_x_3.061224489795918_Steepness_2.0",
    "x_position": 3.061224489795918,
    "steepness_value": 2.0
}