{
    "test_name": "Test_x_0.40816326530612246_Steepness_6.0",
    "x_position": 0.40816326530612246,
    "steepness_value": 6.0
}