{
    "test_name": "Test_x_0.5102040816326531_Steepness_5.0",
    "x_position": 0.5102040816326531,
    "steepness_value": 5.0
}