{
    "test_name": "Test_x_4.6938775510204085_Steepness_6.0",
    "x_position": 4.6938775510204085,
    "steepness_value": 6.0
}