{
    "test_name": "Test_x_1.836734693877551_Steepness_4.0",
    "x_position": 1.836734693877551,
    "steepness_value": 4.0
}