{
    "test_name": "Test_x_0.30612244897959184_Steepness_1.0",
    "x_position": 0.30612244897959184,
    "steepness_value": 1.0
}