{
    "test_name": "Test_x_2.6530612244897958_Steepness_4.0",
    "x_position": 2.6530612244897958,
    "steepness_value": 4.0
}