{
    "test_name": "Test_x_4.081632653061225_Steepness_6.0",
    "x_position": 4.081632653061225,
    "steepness_value": 6.0
}