{
    "test_name": "Test_x_4.591836734693878_Steepness_4.0",
    "x_position": 4.591836734693878,
    "steepness_value": 4.0
}