{
    "test_name": "Test_x_3.4693877551020407_Steepness_2.0",
    "x_position": 3.4693877551020407,
    "steepness_value": 2.0
}