{
    "test_name": "Test_x_2.6530612244897958_Steepness_2.0",
    "x_position": 2.6530612244897958,
    "steepness_value": 2.0
}