{
    "test_name": "Test_x_1.1224489795918366_Steepness_8.0",
    "x_position": 1.1224489795918366,
    "steepness_value": 8.0
}