{
    "test_name": "Test_x_1.4285714285714286_Steepness_6.0",
    "x_position": 1.4285714285714286,
    "steepness_value": 6.0
}