{
    "test_name": "Test_x_2.857142857142857_Steepness_3.0",
    "x_position": 2.857142857142857,
    "steepness_value": 3.0
}