{
    "test_name": "Test_x_3.7755102040816326_Steepness_6.0",
    "x_position": 3.7755102040816326,
    "steepness_value": 6.0
}