{
    "test_name": "Test_x_3.36734693877551_Steepness_5.0",
    "x_position": 3.36734693877551,
    "steepness_value": 5.0
}