{
    "test_name": "Test_x_2.857142857142857_Steepness_5.0",
    "x_position": 2.857142857142857,
    "steepness_value": 5.0
}