{
    "test_name": "Test_x_2.4489795918367347_Steepness_7.0",
    "x_position": 2.4489795918367347,
    "steepness_value": 7.0
}