{
    "test_name": "Test_x_1.7346938775510203_Steepness_3.0",
    "x_position": 1.7346938775510203,
    "steepness_value": 3.0
}