{
    "test_name": "Test_x_0.8163265306122449_Steepness_7.0",
    "x_position": 0.8163265306122449,
    "steepness_value": 7.0
}