{
    "test_name": "Test_x_2.7551020408163267_Steepness_9.0",
    "x_position": 2.7551020408163267,
    "steepness_value": 9.0
}