{
    "test_name": "Test_x_4.795918367346939_Steepness_3.0",
    "x_position": 4.795918367346939,
    "steepness_value": 3.0
}