{
    "test_name": "Test_x_2.9591836734693877_Steepness_3.0",
    "x_position": 2.9591836734693877,
    "steepness_value": 3.0
}