{
    "test_name": "Test_x_2.5510204081632653_Steepness_9.0",
    "x_position": 2.5510204081632653,
    "steepness_value": 9.0
}