{
    "test_name": "Test_x_3.877551020408163_Steepness_9.0",
    "x_position": 3.877551020408163,
    "steepness_value": 9.0
}