{
    "test_name": "Test_x_3.163265306122449_Steepness_7.0",
    "x_position": 3.163265306122449,
    "steepness_value": 7.0
}