{
    "test_name": "Test_x_0.10204081632653061_Steepness_3.0",
    "x_position": 0.10204081632653061,
    "steepness_value": 3.0
}