{
    "test_name": "Test_x_1.2244897959183674_Steepness_10.0",
    "x_position": 1.2244897959183674,
    "steepness_value": 10.0
}