{
    "test_name": "Test_x_3.5714285714285716_Steepness_6.0",
    "x_position": 3.5714285714285716,
    "steepness_value": 6.0
}