{
    "test_name": "Test_x_2.6530612244897958_Steepness_6.0",
    "x_position": 2.6530612244897958,
    "steepness_value": 6.0
}