{
    "test_name": "Test_x_2.142857142857143_Steepness_6.0",
    "x_position": 2.142857142857143,
    "steepness_value": 6.0
}