{
    "test_name": "Test_x_2.3469387755102042_Steepness_1.0",
    "x_position": 2.3469387755102042,
    "steepness_value": 1.0
}