{
    "test_name": "Test_x_3.2653061224489797_Steepness_4.0",
    "x_position": 3.2653061224489797,
    "steepness_value": 4.0
}