{
    "test_name": "Test_x_0.6122448979591837_Steepness_6.0",
    "x_position": 0.6122448979591837,
    "steepness_value": 6.0
}