{
    "test_name": "Test_x_4.387755102040816_Steepness_3.0",
    "x_position": 4.387755102040816,
    "steepness_value": 3.0
}