{
    "test_name": "Test_x_2.142857142857143_Steepness_3.0",
    "x_position": 2.142857142857143,
    "steepness_value": 3.0
}