{
    "test_name": "Test_x_1.0204081632653061_Steepness_4.0",
    "x_position": 1.0204081632653061,
    "steepness_value": 4.0
}