{
    "test_name": "Test_x_0.30612244897959184_Steepness_9.0",
    "x_position": 0.30612244897959184,
    "steepness_value": 9.0
}