{
    "test_name": "Test_x_2.2448979591836733_Steepness_9.0",
    "x_position": 2.2448979591836733,
    "steepness_value": 9.0
}