{
    "test_name": "Test_x_1.3265306122448979_Steepness_9.0",
    "x_position": 1.3265306122448979,
    "steepness_value": 9.0
}