{
    "test_name": "Test_x_3.7755102040816326_Steepness_9.0",
    "x_position": 3.7755102040816326,
    "steepness_value": 9.0
}