{
    "test_name": "Test_x_1.530612244897959_Steepness_4.0",
    "x_position": 1.530612244897959,
    "steepness_value": 4.0
}