{
    "test_name": "Test_x_4.285714285714286_Steepness_4.0",
    "x_position": 4.285714285714286,
    "steepness_value": 4.0
}