{
    "test_name": "Test_x_4.795918367346939_Steepness_9.0",
    "x_position": 4.795918367346939,
    "steepness_value": 9.0
}