{
    "test_name": "Test_x_4.8979591836734695_Steepness_9.0",
    "x_position": 4.8979591836734695,
    "steepness_value": 9.0
}