{
    "test_name": "Test_x_4.489795918367347_Steepness_2.0",
    "x_position": 4.489795918367347,
    "steepness_value": 2.0
}